GEO.id,GEO.id2,GEO.display-label,GC.target-geo-id,GC.target-geo-id2,GC.display-label,GC.display-label,rescen42010,resbase42010,respop72010,respop72011,respop72012,respop72013
Id,Id2,Geography,Target Geo Id,Target Geo Id2,Geography,Geography,"April 1, 2010 - Census","April 1, 2010 - Estimates Base",Population Estimate (as of July 1) - 2010,Population Estimate (as of July 1) - 2011,Population Estimate (as of July 1) - 2012,Population Estimate (as of July 1) - 2013
0100000US,,United States,0100000US,,United States,United States,308745538,308747716,309326295,311582564,313873685,316128839
0100000US,,United States,310M200US10180,10180,"United States - In metropolitan statistical area - Abilene, TX Metro Area","Abilene, TX Metro Area",165252,165252,165627,166571,167422,167501
0100000US,,United States,310M200US10420,10420,"United States - In metropolitan statistical area - Akron, OH Metro Area","Akron, OH Metro Area",703200,703205,705474,705417,704957,705686
0100000US,,United States,310M200US10500,10500,"United States - In metropolitan statistical area - Albany, GA Metro Area","Albany, GA Metro Area",157308,157308,157450,157589,157179,155694
0100000US,,United States,310M200US10540,10540,"United States - In metropolitan statistical area - Albany, OR Metro Area","Albany, OR Metro Area",116672,116672,116887,118178,118407,118765
0100000US,,United States,310M200US10580,10580,"United States - In metropolitan statistical area - Albany-Schenectady-Troy, NY Metro Area","Albany-Schenectady-Troy, NY Metro Area",870716,870718,870913,872854,875158,877905
0100000US,,United States,310M200US10740,10740,"United States - In metropolitan statistical area - Albuquerque, NM Metro Area","Albuquerque, NM Metro Area",887077,887077,889627,896871,900464,902797
0100000US,,United States,310M200US10780,10780,"United States - In metropolitan statistical area - Alexandria, LA Metro Area","Alexandria, LA Metro Area",153922,153922,154100,154386,154332,154753
0100000US,,United States,310M200US10900,10900,"United States - In metropolitan statistical area - Allentown-Bethlehem-Easton, PA-NJ Metro Area","Allentown-Bethlehem-Easton, PA-NJ Metro Area",821173,821174,821945,824972,826914,827048
0100000US,,United States,310M200US11020,11020,"United States - In metropolitan statistical area - Altoona, PA Metro Area","Altoona, PA Metro Area",127089,127074,127020,127200,127004,126314
0100000US,,United States,310M200US11100,11100,"United States - In metropolitan statistical area - Amarillo, TX Metro Area","Amarillo, TX Metro Area",251933,251933,252686,255880,257560,258196
0100000US,,United States,310M200US11180,11180,"United States - In metropolitan statistical area - Ames, IA Metro Area","Ames, IA Metro Area",89542,89542,89595,90834,91630,92406
0100000US,,United States,310M200US11260,11260,"United States - In metropolitan statistical area - Anchorage, AK Metro Area","Anchorage, AK Metro Area",380821,380821,383144,387793,392139,396142
0100000US,,United States,310M200US11460,11460,"United States - In metropolitan statistical area - Ann Arbor, MI Metro Area","Ann Arbor, MI Metro Area",344791,344791,345243,348650,351146,354240
0100000US,,United States,310M200US11500,11500,"United States - In metropolitan statistical area - Anniston-Oxford-Jacksonville, AL Metro Area","Anniston-Oxford-Jacksonville, AL Metro Area",118572,118572,118448,117769,117253,116736
0100000US,,United States,310M200US11540,11540,"United States - In metropolitan statistical area - Appleton, WI Metro Area","Appleton, WI Metro Area",225666,225666,225844,227425,228639,229962
0100000US,,United States,310M200US11700,11700,"United States - In metropolitan statistical area - Asheville, NC Metro Area","Asheville, NC Metro Area",424858,424859,425493,428510,432209,437657
0100000US,,United States,310M200US12020,12020,"United States - In metropolitan statistical area - Athens-Clarke County, GA Metro Area","Athens-Clarke County, GA Metro Area",192541,192541,193433,194612,196412,197905
0100000US,,United States,310M200US12060,12060,"United States - In metropolitan statistical area - Atlanta-Sandy Springs-Roswell, GA Metro Area","Atlanta-Sandy Springs-Roswell, GA Metro Area",5286728,5286732,5304197,5373498,5454429,5522942
0100000US,,United States,310M200US12100,12100,"United States - In metropolitan statistical area - Atlantic City-Hammonton, NJ Metro Area","Atlantic City-Hammonton, NJ Metro Area",274549,274549,274732,274794,275362,275862
0100000US,,United States,310M200US12220,12220,"United States - In metropolitan statistical area - Auburn-Opelika, AL Metro Area","Auburn-Opelika, AL Metro Area",140247,140296,140850,143869,147808,150933
0100000US,,United States,310M200US12260,12260,"United States - In metropolitan statistical area - Augusta-Richmond County, GA-SC Metro Area","Augusta-Richmond County, GA-SC Metro Area",564873,564873,566720,571000,576500,580270
0100000US,,United States,310M200US12420,12420,"United States - In metropolitan statistical area - Austin-Round Rock, TX Metro Area","Austin-Round Rock, TX Metro Area",1716289,1716286,1727784,1781871,1835110,1883051
0100000US,,United States,310M200US12540,12540,"United States - In metropolitan statistical area - Bakersfield, CA Metro Area","Bakersfield, CA Metro Area",839631,839631,841796,849467,855498,864124
0100000US,,United States,310M200US12580,12580,"United States - In metropolitan statistical area - Baltimore-Columbia-Towson, MD Metro Area","Baltimore-Columbia-Towson, MD Metro Area",2710489,2710563,2715312,2734235,2753922,2770738
0100000US,,United States,310M200US12620,12620,"United States - In metropolitan statistical area - Bangor, ME Metro Area","Bangor, ME Metro Area",153923,153920,153826,153776,153509,153364
0100000US,,United States,310M200US12700,12700,"United States - In metropolitan statistical area - Barnstable Town, MA Metro Area","Barnstable Town, MA Metro Area",215888,215888,215918,215398,214947,214990
0100000US,,United States,310M200US12940,12940,"United States - In metropolitan statistical area - Baton Rouge, LA Metro Area","Baton Rouge, LA Metro Area",802484,802480,804472,808658,814896,820159
0100000US,,United States,310M200US12980,12980,"United States - In metropolitan statistical area - Battle Creek, MI Metro Area","Battle Creek, MI Metro Area",136146,136148,136008,135400,134949,135012
0100000US,,United States,310M200US13020,13020,"United States - In metropolitan statistical area - Bay City, MI Metro Area","Bay City, MI Metro Area",107771,107771,107697,107229,106890,106832
0100000US,,United States,310M200US13140,13140,"United States - In metropolitan statistical area - Beaumont-Port Arthur, TX Metro Area","Beaumont-Port Arthur, TX Metro Area",403190,403190,403741,405154,403711,404872
0100000US,,United States,310M200US13220,13220,"United States - In metropolitan statistical area - Beckley, WV Metro Area","Beckley, WV Metro Area",124898,124901,124900,125186,125075,124432
0100000US,,United States,310M200US13380,13380,"United States - In metropolitan statistical area - Bellingham, WA Metro Area","Bellingham, WA Metro Area",201140,201140,201547,203356,204932,206353
0100000US,,United States,310M200US13460,13460,"United States - In metropolitan statistical area - Bend-Redmond, OR Metro Area","Bend-Redmond, OR Metro Area",157733,157733,157841,159800,161887,165954
0100000US,,United States,310M200US13740,13740,"United States - In metropolitan statistical area - Billings, MT Metro Area","Billings, MT Metro Area",158934,158934,159334,160781,162866,165361
0100000US,,United States,310M200US13780,13780,"United States - In metropolitan statistical area - Binghamton, NY Metro Area","Binghamton, NY Metro Area",251725,251725,251460,250257,248772,247777
0100000US,,United States,310M200US13820,13820,"United States - In metropolitan statistical area - Birmingham-Hoover, AL Metro Area","Birmingham-Hoover, AL Metro Area",1128047,1128056,1129096,1131325,1134915,1140300
0100000US,,United States,310M200US13900,13900,"United States - In metropolitan statistical area - Bismarck, ND Metro Area","Bismarck, ND Metro Area",114778,114778,115233,117208,120085,123751
0100000US,,United States,310M200US13980,13980,"United States - In metropolitan statistical area - Blacksburg-Christiansburg-Radford, VA Metro Area","Blacksburg-Christiansburg-Radford, VA Metro Area",178237,178237,178467,178724,179243,180351
0100000US,,United States,310M200US14010,14010,"United States - In metropolitan statistical area - Bloomington, IL Metro Area","Bloomington, IL Metro Area",186133,186133,186403,187238,188779,191067
0100000US,,United States,310M200US14020,14020,"United States - In metropolitan statistical area - Bloomington, IN Metro Area","Bloomington, IN Metro Area",159549,159549,160104,161843,162627,163089
0100000US,,United States,310M200US14100,14100,"United States - In metropolitan statistical area - Bloomsburg-Berwick, PA Metro Area","Bloomsburg-Berwick, PA Metro Area",85562,85563,85652,85287,85342,85338
0100000US,,United States,310M200US14260,14260,"United States - In metropolitan statistical area - Boise City, ID Metro Area","Boise City, ID Metro Area",616561,616561,617956,627620,637622,650288
0100000US,,United States,310M200US14460,14460,"United States - In metropolitan statistical area - Boston-Cambridge-Newton, MA-NH Metro Area","Boston-Cambridge-Newton, MA-NH Metro Area",4552402,4552406,4564054,4603720,4642095,4684299
0100000US,,United States,310M200US14500,14500,"United States - In metropolitan statistical area - Boulder, CO Metro Area","Boulder, CO Metro Area",294567,294571,296318,300506,305297,310048
0100000US,,United States,310M200US14540,14540,"United States - In metropolitan statistical area - Bowling Green, KY Metro Area","Bowling Green, KY Metro Area",158599,158599,159092,160586,162087,163536
0100000US,,United States,310M200US14740,14740,"United States - In metropolitan statistical area - Bremerton-Silverdale, WA Metro Area","Bremerton-Silverdale, WA Metro Area",251133,251133,251659,254384,254625,253968
0100000US,,United States,310M200US14860,14860,"United States - In metropolitan statistical area - Bridgeport-Stamford-Norwalk, CT Metro Area","Bridgeport-Stamford-Norwalk, CT Metro Area",916829,916829,919365,927744,933733,939904
0100000US,,United States,310M200US15180,15180,"United States - In metropolitan statistical area - Brownsville-Harlingen, TX Metro Area","Brownsville-Harlingen, TX Metro Area",406220,406220,407677,412745,415551,417276
0100000US,,United States,310M200US15260,15260,"United States - In metropolitan statistical area - Brunswick, GA Metro Area","Brunswick, GA Metro Area",112370,112368,112575,113074,113355,113807
0100000US,,United States,310M200US15380,15380,"United States - In metropolitan statistical area - Buffalo-Cheektowaga-Niagara Falls, NY Metro Area","Buffalo-Cheektowaga-Niagara Falls, NY Metro Area",1135509,1135541,1135314,1134900,1133767,1134115
0100000US,,United States,310M200US15500,15500,"United States - In metropolitan statistical area - Burlington, NC Metro Area","Burlington, NC Metro Area",151131,151219,151538,152820,153672,154378
0100000US,,United States,310M200US15540,15540,"United States - In metropolitan statistical area - Burlington-South Burlington, VT Metro Area","Burlington-South Burlington, VT Metro Area",211261,211262,211506,212743,213721,214796
0100000US,,United States,310M200US15680,15680,"United States - In metropolitan statistical area - California-Lexington Park, MD Metro Area","California-Lexington Park, MD Metro Area",105151,105151,105741,107756,108993,109633
0100000US,,United States,310M200US15940,15940,"United States - In metropolitan statistical area - Canton-Massillon, OH Metro Area","Canton-Massillon, OH Metro Area",404422,404422,404287,403382,403679,403707
0100000US,,United States,310M200US15980,15980,"United States - In metropolitan statistical area - Cape Coral-Fort Myers, FL Metro Area","Cape Coral-Fort Myers, FL Metro Area",618754,618754,620501,631165,644763,661115
0100000US,,United States,310M200US16020,16020,"United States - In metropolitan statistical area - Cape Girardeau, MO-IL Metro Area","Cape Girardeau, MO-IL Metro Area",96275,96275,96411,96976,97087,97439
0100000US,,United States,310M200US16060,16060,"United States - In metropolitan statistical area - Carbondale-Marion, IL Metro Area","Carbondale-Marion, IL Metro Area",126575,126580,126806,127043,126827,126738
0100000US,,United States,310M200US16180,16180,"United States - In metropolitan statistical area - Carson City, NV Metro Area","Carson City, NV Metro Area",55274,55274,55263,54746,54616,54080
0100000US,,United States,310M200US16220,16220,"United States - In metropolitan statistical area - Casper, WY Metro Area","Casper, WY Metro Area",75450,75450,75463,76374,78665,80973
0100000US,,United States,310M200US16300,16300,"United States - In metropolitan statistical area - Cedar Rapids, IA Metro Area","Cedar Rapids, IA Metro Area",257940,257940,258362,260856,261628,262421
0100000US,,United States,310M200US16540,16540,"United States - In metropolitan statistical area - Chambersburg-Waynesboro, PA Metro Area","Chambersburg-Waynesboro, PA Metro Area",149618,149618,149906,150944,151372,152085
0100000US,,United States,310M200US16580,16580,"United States - In metropolitan statistical area - Champaign-Urbana, IL Metro Area","Champaign-Urbana, IL Metro Area",231891,231891,232207,233059,233943,235162
0100000US,,United States,310M200US16620,16620,"United States - In metropolitan statistical area - Charleston, WV Metro Area","Charleston, WV Metro Area",227078,227071,227008,225891,225837,224743
0100000US,,United States,310M200US16700,16700,"United States - In metropolitan statistical area - Charleston-North Charleston, SC Metro Area","Charleston-North Charleston, SC Metro Area",664607,664608,667719,681632,697497,712220
0100000US,,United States,310M200US16740,16740,"United States - In metropolitan statistical area - Charlotte-Concord-Gastonia, NC-SC Metro Area","Charlotte-Concord-Gastonia, NC-SC Metro Area",2217012,2217030,2223635,2256758,2294990,2335358
0100000US,,United States,310M200US16820,16820,"United States - In metropolitan statistical area - Charlottesville, VA Metro Area","Charlottesville, VA Metro Area",218705,218705,219031,221052,222696,224055
0100000US,,United States,310M200US16860,16860,"United States - In metropolitan statistical area - Chattanooga, TN-GA Metro Area","Chattanooga, TN-GA Metro Area",528143,528145,529107,533155,537854,541744
0100000US,,United States,310M200US16940,16940,"United States - In metropolitan statistical area - Cheyenne, WY Metro Area","Cheyenne, WY Metro Area",91738,91738,92052,92447,94627,95809
0100000US,,United States,310M200US16980,16980,"United States - In metropolitan statistical area - Chicago-Naperville-Elgin, IL-IN-WI Metro Area","Chicago-Naperville-Elgin, IL-IN-WI Metro Area",9461105,9461105,9470335,9491283,9514059,9537289
0100000US,,United States,310M200US17020,17020,"United States - In metropolitan statistical area - Chico, CA Metro Area","Chico, CA Metro Area",220000,220000,219914,219913,221016,222090
0100000US,,United States,310M200US17140,17140,"United States - In metropolitan statistical area - Cincinnati, OH-KY-IN Metro Area","Cincinnati, OH-KY-IN Metro Area",2114580,2114580,2117344,2122984,2129309,2137406
0100000US,,United States,310M200US17300,17300,"United States - In metropolitan statistical area - Clarksville, TN-KY Metro Area","Clarksville, TN-KY Metro Area",260625,260610,261827,264456,275081,272579
0100000US,,United States,310M200US17420,17420,"United States - In metropolitan statistical area - Cleveland, TN Metro Area","Cleveland, TN Metro Area",115788,115788,115966,116662,117711,118538
0100000US,,United States,310M200US17460,17460,"United States - In metropolitan statistical area - Cleveland-Elyria, OH Metro Area","Cleveland-Elyria, OH Metro Area",2077240,2077245,2075690,2068606,2064739,2064725
0100000US,,United States,310M200US17660,17660,"United States - In metropolitan statistical area - Coeur d'Alene, ID Metro Area","Coeur d'Alene, ID Metro Area",138494,138494,138892,141081,142278,144265
0100000US,,United States,310M200US17780,17780,"United States - In metropolitan statistical area - College Station-Bryan, TX Metro Area","College Station-Bryan, TX Metro Area",228660,228660,229480,231466,234209,236819
0100000US,,United States,310M200US17820,17820,"United States - In metropolitan statistical area - Colorado Springs, CO Metro Area","Colorado Springs, CO Metro Area",645613,645613,650146,660211,668818,678319
0100000US,,United States,310M200US17860,17860,"United States - In metropolitan statistical area - Columbia, MO Metro Area","Columbia, MO Metro Area",162642,162642,163165,165847,168530,170773
0100000US,,United States,310M200US17900,17900,"United States - In metropolitan statistical area - Columbia, SC Metro Area","Columbia, SC Metro Area",767598,767477,769655,776602,784531,793779
0100000US,,United States,310M200US17980,17980,"United States - In metropolitan statistical area - Columbus, GA-AL Metro Area","Columbus, GA-AL Metro Area",294865,294869,295739,301938,310935,316554
0100000US,,United States,310M200US18020,18020,"United States - In metropolitan statistical area - Columbus, IN Metro Area","Columbus, IN Metro Area",76794,76792,76865,77668,78966,79587
0100000US,,United States,310M200US18140,18140,"United States - In metropolitan statistical area - Columbus, OH Metro Area","Columbus, OH Metro Area",1901974,1901965,1906243,1925419,1944937,1967066
0100000US,,United States,310M200US18580,18580,"United States - In metropolitan statistical area - Corpus Christi, TX Metro Area","Corpus Christi, TX Metro Area",428185,428188,428018,430883,436709,442600
0100000US,,United States,310M200US18700,18700,"United States - In metropolitan statistical area - Corvallis, OR Metro Area","Corvallis, OR Metro Area",85579,85581,85517,86012,86436,86591
0100000US,,United States,310M200US18880,18880,"United States - In metropolitan statistical area - Crestview-Fort Walton Beach-Destin, FL Metro Area","Crestview-Fort Walton Beach-Destin, FL Metro Area",235865,235865,236014,239050,247841,253618
0100000US,,United States,310M200US19060,19060,"United States - In metropolitan statistical area - Cumberland, MD-WV Metro Area","Cumberland, MD-WV Metro Area",103299,103299,103233,102594,101813,101225
0100000US,,United States,310M200US19100,19100,"United States - In metropolitan statistical area - Dallas-Fort Worth-Arlington, TX Metro Area","Dallas-Fort Worth-Arlington, TX Metro Area",6426214,6426210,6452758,6570951,6702801,6810913
0100000US,,United States,310M200US19140,19140,"United States - In metropolitan statistical area - Dalton, GA Metro Area","Dalton, GA Metro Area",142227,142227,142311,142419,142465,142212
0100000US,,United States,310M200US19180,19180,"United States - In metropolitan statistical area - Danville, IL Metro Area","Danville, IL Metro Area",81625,81625,81596,81383,80715,80329
0100000US,,United States,310M200US19300,19300,"United States - In metropolitan statistical area - Daphne-Fairhope-Foley, AL Metro Area","Daphne-Fairhope-Foley, AL Metro Area",182265,182265,183223,186727,190675,195540
0100000US,,United States,310M200US19340,19340,"United States - In metropolitan statistical area - Davenport-Moline-Rock Island, IA-IL Metro Area","Davenport-Moline-Rock Island, IA-IL Metro Area",379690,379690,380267,381069,382590,383681
0100000US,,United States,310M200US19380,19380,"United States - In metropolitan statistical area - Dayton, OH Metro Area","Dayton, OH Metro Area",799232,799233,801899,802970,803185,802489
0100000US,,United States,310M200US19460,19460,"United States - In metropolitan statistical area - Decatur, AL Metro Area","Decatur, AL Metro Area",153829,153827,153862,153971,153934,153374
0100000US,,United States,310M200US19500,19500,"United States - In metropolitan statistical area - Decatur, IL Metro Area","Decatur, IL Metro Area",110768,110768,110752,110571,109978,109278
0100000US,,United States,310M200US19660,19660,"United States - In metropolitan statistical area - Deltona-Daytona Beach-Ormond Beach, FL Metro Area","Deltona-Daytona Beach-Ormond Beach, FL Metro Area",590289,590293,590699,591652,595348,600756
0100000US,,United States,310M200US19740,19740,"United States - In metropolitan statistical area - Denver-Aurora-Lakewood, CO Metro Area","Denver-Aurora-Lakewood, CO Metro Area",2543482,2543466,2553829,2599910,2646694,2697476
0100000US,,United States,310M200US19780,19780,"United States - In metropolitan statistical area - Des Moines-West Des Moines, IA Metro Area","Des Moines-West Des Moines, IA Metro Area",569633,569633,571955,580779,589443,599789
0100000US,,United States,310M200US19820,19820,"United States - In metropolitan statistical area - Detroit-Warren-Dearborn, MI Metro Area","Detroit-Warren-Dearborn, MI Metro Area",4296250,4296313,4291400,4287556,4292832,4294983
0100000US,,United States,310M200US20020,20020,"United States - In metropolitan statistical area - Dothan, AL Metro Area","Dothan, AL Metro Area",145639,145639,145876,146610,147552,147691
0100000US,,United States,310M200US20100,20100,"United States - In metropolitan statistical area - Dover, DE Metro Area","Dover, DE Metro Area",162310,162313,162922,165189,167540,169416
0100000US,,United States,310M200US20220,20220,"United States - In metropolitan statistical area - Dubuque, IA Metro Area","Dubuque, IA Metro Area",93653,93653,93887,94460,95062,95697
0100000US,,United States,310M200US20260,20260,"United States - In metropolitan statistical area - Duluth, MN-WI Metro Area","Duluth, MN-WI Metro Area",279771,279771,279772,279896,279579,279887
0100000US,,United States,310M200US20500,20500,"United States - In metropolitan statistical area - Durham-Chapel Hill, NC Metro Area","Durham-Chapel Hill, NC Metro Area",504357,506656,508111,516116,525431,534578
0100000US,,United States,310M200US20700,20700,"United States - In metropolitan statistical area - East Stroudsburg, PA Metro Area","East Stroudsburg, PA Metro Area",169842,169842,169939,169822,168436,167148
0100000US,,United States,310M200US20740,20740,"United States - In metropolitan statistical area - Eau Claire, WI Metro Area","Eau Claire, WI Metro Area",161151,161151,161390,162582,163508,164570
0100000US,,United States,310M200US20940,20940,"United States - In metropolitan statistical area - El Centro, CA Metro Area","El Centro, CA Metro Area",174528,174528,174750,175895,176768,176584
0100000US,,United States,310M200US21060,21060,"United States - In metropolitan statistical area - Elizabethtown-Fort Knox, KY Metro Area","Elizabethtown-Fort Knox, KY Metro Area",148338,148339,149897,151287,150460,151465
0100000US,,United States,310M200US21140,21140,"United States - In metropolitan statistical area - Elkhart-Goshen, IN Metro Area","Elkhart-Goshen, IN Metro Area",197559,197561,197450,198526,199258,200563
0100000US,,United States,310M200US21300,21300,"United States - In metropolitan statistical area - Elmira, NY Metro Area","Elmira, NY Metro Area",88830,88830,88940,88939,89147,88506
0100000US,,United States,310M200US21340,21340,"United States - In metropolitan statistical area - El Paso, TX Metro Area","El Paso, TX Metro Area",804123,804123,807041,821850,831939,831036
0100000US,,United States,310M200US21500,21500,"United States - In metropolitan statistical area - Erie, PA Metro Area","Erie, PA Metro Area",280566,280566,280715,280921,280823,280294
0100000US,,United States,310M200US21660,21660,"United States - In metropolitan statistical area - Eugene, OR Metro Area","Eugene, OR Metro Area",351715,351715,351848,353495,354506,356212
0100000US,,United States,310M200US21780,21780,"United States - In metropolitan statistical area - Evansville, IN-KY Metro Area","Evansville, IN-KY Metro Area",311552,311552,311781,312605,313219,314280
0100000US,,United States,310M200US21820,21820,"United States - In metropolitan statistical area - Fairbanks, AK Metro Area","Fairbanks, AK Metro Area",97581,97581,98190,99276,100141,100436
0100000US,,United States,310M200US22020,22020,"United States - In metropolitan statistical area - Fargo, ND-MN Metro Area","Fargo, ND-MN Metro Area",208777,208777,209400,212695,216785,223490
0100000US,,United States,310M200US22140,22140,"United States - In metropolitan statistical area - Farmington, NM Metro Area","Farmington, NM Metro Area",130044,130044,130161,128016,128340,126503
0100000US,,United States,310M200US22180,22180,"United States - In metropolitan statistical area - Fayetteville, NC Metro Area","Fayetteville, NC Metro Area",366383,366383,367728,373291,373506,377193
0100000US,,United States,310M200US22220,22220,"United States - In metropolitan statistical area - Fayetteville-Springdale-Rogers, AR-MO Metro Area","Fayetteville-Springdale-Rogers, AR-MO Metro Area",463204,463207,465674,474056,482727,491966
0100000US,,United States,310M200US22380,22380,"United States - In metropolitan statistical area - Flagstaff, AZ Metro Area","Flagstaff, AZ Metro Area",134421,134437,133929,134166,135862,136539
0100000US,,United States,310M200US22420,22420,"United States - In metropolitan statistical area - Flint, MI Metro Area","Flint, MI Metro Area",425790,425790,424969,421750,417791,415376
0100000US,,United States,310M200US22500,22500,"United States - In metropolitan statistical area - Florence, SC Metro Area","Florence, SC Metro Area",205566,205571,205718,205774,206117,206261
0100000US,,United States,310M200US22520,22520,"United States - In metropolitan statistical area - Florence-Muscle Shoals, AL Metro Area","Florence-Muscle Shoals, AL Metro Area",147137,147137,147229,147007,147106,147317
0100000US,,United States,310M200US22540,22540,"United States - In metropolitan statistical area - Fond du Lac, WI Metro Area","Fond du Lac, WI Metro Area",101633,101633,101649,101799,101715,101798
0100000US,,United States,310M200US22660,22660,"United States - In metropolitan statistical area - Fort Collins, CO Metro Area","Fort Collins, CO Metro Area",299630,299630,300482,305137,310686,315988
0100000US,,United States,310M200US22900,22900,"United States - In metropolitan statistical area - Fort Smith, AR-OK Metro Area","Fort Smith, AR-OK Metro Area",280467,280468,280682,280951,280626,279974
0100000US,,United States,310M200US23060,23060,"United States - In metropolitan statistical area - Fort Wayne, IN Metro Area","Fort Wayne, IN Metro Area",416257,416255,416831,419609,421526,424122
0100000US,,United States,310M200US23420,23420,"United States - In metropolitan statistical area - Fresno, CA Metro Area","Fresno, CA Metro Area",930450,930450,932719,940974,947581,955272
0100000US,,United States,310M200US23460,23460,"United States - In metropolitan statistical area - Gadsden, AL Metro Area","Gadsden, AL Metro Area",104430,104427,104498,104323,104311,103931
0100000US,,United States,310M200US23540,23540,"United States - In metropolitan statistical area - Gainesville, FL Metro Area","Gainesville, FL Metro Area",264275,264275,264665,266635,268660,270382
0100000US,,United States,310M200US23580,23580,"United States - In metropolitan statistical area - Gainesville, GA Metro Area","Gainesville, GA Metro Area",179684,179684,180015,182888,185055,187745
0100000US,,United States,310M200US23900,23900,"United States - In metropolitan statistical area - Gettysburg, PA Metro Area","Gettysburg, PA Metro Area",101407,101407,101462,101611,101610,101546
0100000US,,United States,310M200US24020,24020,"United States - In metropolitan statistical area - Glens Falls, NY Metro Area","Glens Falls, NY Metro Area",128923,128921,128998,129072,128832,128430
0100000US,,United States,310M200US24140,24140,"United States - In metropolitan statistical area - Goldsboro, NC Metro Area","Goldsboro, NC Metro Area",122623,122623,122906,123884,124318,124583
0100000US,,United States,310M200US24220,24220,"United States - In metropolitan statistical area - Grand Forks, ND-MN Metro Area","Grand Forks, ND-MN Metro Area",98461,98461,98602,98108,98997,100748
0100000US,,United States,310M200US24260,24260,"United States - In metropolitan statistical area - Grand Island, NE Metro Area","Grand Island, NE Metro Area",81850,81850,82030,82597,83372,83989
0100000US,,United States,310M200US24300,24300,"United States - In metropolitan statistical area - Grand Junction, CO Metro Area","Grand Junction, CO Metro Area",146723,146723,146464,147499,147790,147554
0100000US,,United States,310M200US24340,24340,"United States - In metropolitan statistical area - Grand Rapids-Wyoming, MI Metro Area","Grand Rapids-Wyoming, MI Metro Area",988938,988940,989196,996006,1005493,1016603
0100000US,,United States,310M200US24420,24420,"United States - In metropolitan statistical area - Grants Pass, OR Metro Area","Grants Pass, OR Metro Area",82713,82713,82838,82641,82813,83306
0100000US,,United States,310M200US24500,24500,"United States - In metropolitan statistical area - Great Falls, MT Metro Area","Great Falls, MT Metro Area",81327,81327,81501,81758,81784,82384
0100000US,,United States,310M200US24540,24540,"United States - In metropolitan statistical area - Greeley, CO Metro Area","Greeley, CO Metro Area",252825,252837,254052,258343,263525,269785
0100000US,,United States,310M200US24580,24580,"United States - In metropolitan statistical area - Green Bay, WI Metro Area","Green Bay, WI Metro Area",306241,306241,306723,308705,311007,312409
0100000US,,United States,310M200US24660,24660,"United States - In metropolitan statistical area - Greensboro-High Point, NC Metro Area","Greensboro-High Point, NC Metro Area",723801,723798,725137,730423,736182,741065
0100000US,,United States,310M200US24780,24780,"United States - In metropolitan statistical area - Greenville, NC Metro Area","Greenville, NC Metro Area",168148,168148,168826,170783,172971,174263
0100000US,,United States,310M200US24860,24860,"United States - In metropolitan statistical area - Greenville-Anderson-Mauldin, SC Metro Area","Greenville-Anderson-Mauldin, SC Metro Area",824112,824106,825817,833216,842108,850965
0100000US,,United States,310M200US25060,25060,"United States - In metropolitan statistical area - Gulfport-Biloxi-Pascagoula, MS Metro Area","Gulfport-Biloxi-Pascagoula, MS Metro Area",370702,370702,371475,375719,379007,382516
0100000US,,United States,310M200US25180,25180,"United States - In metropolitan statistical area - Hagerstown-Martinsburg, MD-WV Metro Area","Hagerstown-Martinsburg, MD-WV Metro Area",251599,251599,252397,254536,256223,258294
0100000US,,United States,310M200US25220,25220,"United States - In metropolitan statistical area - Hammond, LA Metro Area","Hammond, LA Metro Area",121097,121101,121563,122681,123662,125412
0100000US,,United States,310M200US25260,25260,"United States - In metropolitan statistical area - Hanford-Corcoran, CA Metro Area","Hanford-Corcoran, CA Metro Area",152982,152982,152417,151994,151382,150960
0100000US,,United States,310M200US25420,25420,"United States - In metropolitan statistical area - Harrisburg-Carlisle, PA Metro Area","Harrisburg-Carlisle, PA Metro Area",549475,549473,550262,551923,554685,557711
0100000US,,United States,310M200US25500,25500,"United States - In metropolitan statistical area - Harrisonburg, VA Metro Area","Harrisonburg, VA Metro Area",125228,125215,125410,126843,128520,129136
0100000US,,United States,310M200US25540,25540,"United States - In metropolitan statistical area - Hartford-West Hartford-East Hartford, CT Metro Area","Hartford-West Hartford-East Hartford, CT Metro Area",1212381,1212384,1214014,1216079,1214503,1215211
0100000US,,United States,310M200US25620,25620,"United States - In metropolitan statistical area - Hattiesburg, MS Metro Area","Hattiesburg, MS Metro Area",142842,142841,143323,145303,146759,147991
0100000US,,United States,310M200US25860,25860,"United States - In metropolitan statistical area - Hickory-Lenoir-Morganton, NC Metro Area","Hickory-Lenoir-Morganton, NC Metro Area",365497,365492,365334,364232,363729,363572
0100000US,,United States,310M200US25940,25940,"United States - In metropolitan statistical area - Hilton Head Island-Bluffton-Beaufort, SC Metro Area","Hilton Head Island-Bluffton-Beaufort, SC Metro Area",187010,187010,187902,189577,193895,198467
0100000US,,United States,310M200US25980,25980,"United States - In metropolitan statistical area - Hinesville, GA Metro Area","Hinesville, GA Metro Area",77917,77917,77329,80356,81631,80759
0100000US,,United States,310M200US26140,26140,"United States - In metropolitan statistical area - Homosassa Springs, FL Metro Area","Homosassa Springs, FL Metro Area",141236,141236,141288,139809,139320,139271
0100000US,,United States,310M200US26300,26300,"United States - In metropolitan statistical area - Hot Springs, AR Metro Area","Hot Springs, AR Metro Area",96024,96024,96194,96637,96889,97173
0100000US,,United States,310M200US26380,26380,"United States - In metropolitan statistical area - Houma-Thibodaux, LA Metro Area","Houma-Thibodaux, LA Metro Area",208178,208178,208225,208551,208678,209890
0100000US,,United States,310M200US26420,26420,"United States - In metropolitan statistical area - Houston-The Woodlands-Sugar Land, TX Metro Area","Houston-The Woodlands-Sugar Land, TX Metro Area",5920416,5920456,5948689,6054275,6175466,6313158
0100000US,,United States,310M200US26580,26580,"United States - In metropolitan statistical area - Huntington-Ashland, WV-KY-OH Metro Area","Huntington-Ashland, WV-KY-OH Metro Area",364908,364906,365139,364915,364856,364101
0100000US,,United States,310M200US26620,26620,"United States - In metropolitan statistical area - Huntsville, AL Metro Area","Huntsville, AL Metro Area",417593,417593,419431,425218,430146,435737
0100000US,,United States,310M200US26820,26820,"United States - In metropolitan statistical area - Idaho Falls, ID Metro Area","Idaho Falls, ID Metro Area",133265,133337,133800,134980,136301,137073
0100000US,,United States,310M200US26900,26900,"United States - In metropolitan statistical area - Indianapolis-Carmel-Anderson, IN Metro Area","Indianapolis-Carmel-Anderson, IN Metro Area",1887877,1887877,1892323,1910025,1929207,1953961
0100000US,,United States,310M200US26980,26980,"United States - In metropolitan statistical area - Iowa City, IA Metro Area","Iowa City, IA Metro Area",152586,152586,152941,155303,158370,161170
0100000US,,United States,310M200US27060,27060,"United States - In metropolitan statistical area - Ithaca, NY Metro Area","Ithaca, NY Metro Area",101564,101588,101677,101847,102713,103617
0100000US,,United States,310M200US27100,27100,"United States - In metropolitan statistical area - Jackson, MI Metro Area","Jackson, MI Metro Area",160248,160248,160150,159747,160251,160369
0100000US,,United States,310M200US27140,27140,"United States - In metropolitan statistical area - Jackson, MS Metro Area","Jackson, MS Metro Area",567122,567121,568373,573873,576406,576382
0100000US,,United States,310M200US27180,27180,"United States - In metropolitan statistical area - Jackson, TN Metro Area","Jackson, TN Metro Area",130011,130009,130047,129769,130315,130645
0100000US,,United States,310M200US27260,27260,"United States - In metropolitan statistical area - Jacksonville, FL Metro Area","Jacksonville, FL Metro Area",1345596,1345596,1349095,1361316,1378040,1394624
0100000US,,United States,310M200US27340,27340,"United States - In metropolitan statistical area - Jacksonville, NC Metro Area","Jacksonville, NC Metro Area",177772,177772,179557,177834,184001,185220
0100000US,,United States,310M200US27500,27500,"United States - In metropolitan statistical area - Janesville-Beloit, WI Metro Area","Janesville-Beloit, WI Metro Area",160331,160331,160238,160026,160311,160739
0100000US,,United States,310M200US27620,27620,"United States - In metropolitan statistical area - Jefferson City, MO Metro Area","Jefferson City, MO Metro Area",149807,149807,149953,150338,150349,150494
0100000US,,United States,310M200US27740,27740,"United States - In metropolitan statistical area - Johnson City, TN Metro Area","Johnson City, TN Metro Area",198716,198716,198982,199759,200512,200966
0100000US,,United States,310M200US27780,27780,"United States - In metropolitan statistical area - Johnstown, PA Metro Area","Johnstown, PA Metro Area",143679,143677,143447,142568,141541,140499
0100000US,,United States,310M200US27860,27860,"United States - In metropolitan statistical area - Jonesboro, AR Metro Area","Jonesboro, AR Metro Area",121026,121026,121267,122802,124190,125633
0100000US,,United States,310M200US27900,27900,"United States - In metropolitan statistical area - Joplin, MO Metro Area","Joplin, MO Metro Area",175518,175516,175909,176738,174491,175243
0100000US,,United States,310M200US27980,27980,"United States - In metropolitan statistical area - Kahului-Wailuku-Lahaina, HI Metro Area","Kahului-Wailuku-Lahaina, HI Metro Area",154924,154925,155052,156651,158130,160292
0100000US,,United States,310M200US28020,28020,"United States - In metropolitan statistical area - Kalamazoo-Portage, MI Metro Area","Kalamazoo-Portage, MI Metro Area",326589,326596,326915,328424,330177,332180
0100000US,,United States,310M200US28100,28100,"United States - In metropolitan statistical area - Kankakee, IL Metro Area","Kankakee, IL Metro Area",113449,113449,113462,113418,112847,112120
0100000US,,United States,310M200US28140,28140,"United States - In metropolitan statistical area - Kansas City, MO-KS Metro Area","Kansas City, MO-KS Metro Area",2009342,2009338,2013691,2024793,2038690,2054473
0100000US,,United States,310M200US28420,28420,"United States - In metropolitan statistical area - Kennewick-Richland, WA Metro Area","Kennewick-Richland, WA Metro Area",253340,253340,255594,263654,268160,271124
0100000US,,United States,310M200US28660,28660,"United States - In metropolitan statistical area - Killeen-Temple, TX Metro Area","Killeen-Temple, TX Metro Area",405300,405300,408267,412804,420532,423257
0100000US,,United States,310M200US28700,28700,"United States - In metropolitan statistical area - Kingsport-Bristol-Bristol, TN-VA Metro Area","Kingsport-Bristol-Bristol, TN-VA Metro Area",309544,309544,309581,309063,308564,308283
0100000US,,United States,310M200US28740,28740,"United States - In metropolitan statistical area - Kingston, NY Metro Area","Kingston, NY Metro Area",182493,182494,182374,182666,181753,180998
0100000US,,United States,310M200US28940,28940,"United States - In metropolitan statistical area - Knoxville, TN Metro Area","Knoxville, TN Metro Area",837571,837579,838729,842940,848095,852715
0100000US,,United States,310M200US29020,29020,"United States - In metropolitan statistical area - Kokomo, IN Metro Area","Kokomo, IN Metro Area",82752,82752,82771,82850,82891,82760
0100000US,,United States,310M200US29100,29100,"United States - In metropolitan statistical area - La Crosse-Onalaska, WI-MN Metro Area","La Crosse-Onalaska, WI-MN Metro Area",133665,133665,133856,134215,135019,135512
0100000US,,United States,310M200US29180,29180,"United States - In metropolitan statistical area - Lafayette, LA Metro Area","Lafayette, LA Metro Area",466750,466750,467646,470627,473966,479116
0100000US,,United States,310M200US29200,29200,"United States - In metropolitan statistical area - Lafayette-West Lafayette, IN Metro Area","Lafayette-West Lafayette, IN Metro Area",201789,201789,202024,204215,206761,209027
0100000US,,United States,310M200US29340,29340,"United States - In metropolitan statistical area - Lake Charles, LA Metro Area","Lake Charles, LA Metro Area",199607,199607,200044,200486,201005,202040
0100000US,,United States,310M200US29420,29420,"United States - In metropolitan statistical area - Lake Havasu City-Kingman, AZ Metro Area","Lake Havasu City-Kingman, AZ Metro Area",200186,200186,200134,202399,203142,203030
0100000US,,United States,310M200US29460,29460,"United States - In metropolitan statistical area - Lakeland-Winter Haven, FL Metro Area","Lakeland-Winter Haven, FL Metro Area",602095,602095,603452,610250,616083,623009
0100000US,,United States,310M200US29540,29540,"United States - In metropolitan statistical area - Lancaster, PA Metro Area","Lancaster, PA Metro Area",519445,519448,520305,523612,526436,529600
0100000US,,United States,310M200US29620,29620,"United States - In metropolitan statistical area - Lansing-East Lansing, MI Metro Area","Lansing-East Lansing, MI Metro Area",464036,464032,464089,465673,466032,467321
0100000US,,United States,310M200US29700,29700,"United States - In metropolitan statistical area - Laredo, TX Metro Area","Laredo, TX Metro Area",250304,250304,251320,255213,259211,262495
0100000US,,United States,310M200US29740,29740,"United States - In metropolitan statistical area - Las Cruces, NM Metro Area","Las Cruces, NM Metro Area",209233,209234,210288,212772,213952,213460
0100000US,,United States,310M200US29820,29820,"United States - In metropolitan statistical area - Las Vegas-Henderson-Paradise, NV Metro Area","Las Vegas-Henderson-Paradise, NV Metro Area",1951269,1951269,1953106,1966586,1997659,2027868
0100000US,,United States,310M200US29940,29940,"United States - In metropolitan statistical area - Lawrence, KS Metro Area","Lawrence, KS Metro Area",110826,110826,111274,112372,113043,114322
0100000US,,United States,310M200US30020,30020,"United States - In metropolitan statistical area - Lawton, OK Metro Area","Lawton, OK Metro Area",130291,130291,131634,132230,132700,131089
0100000US,,United States,310M200US30140,30140,"United States - In metropolitan statistical area - Lebanon, PA Metro Area","Lebanon, PA Metro Area",133568,133573,133739,134465,135406,135486
0100000US,,United States,310M200US30300,30300,"United States - In metropolitan statistical area - Lewiston, ID-WA Metro Area","Lewiston, ID-WA Metro Area",60888,60888,61012,61341,61457,62025
0100000US,,United States,310M200US30340,30340,"United States - In metropolitan statistical area - Lewiston-Auburn, ME Metro Area","Lewiston-Auburn, ME Metro Area",107702,107702,107672,107431,107632,107604
0100000US,,United States,310M200US30460,30460,"United States - In metropolitan statistical area - Lexington-Fayette, KY Metro Area","Lexington-Fayette, KY Metro Area",472099,472099,473435,478672,484629,489435
0100000US,,United States,310M200US30620,30620,"United States - In metropolitan statistical area - Lima, OH Metro Area","Lima, OH Metro Area",106331,106331,106372,105957,105329,105298
0100000US,,United States,310M200US30700,30700,"United States - In metropolitan statistical area - Lincoln, NE Metro Area","Lincoln, NE Metro Area",302157,302157,302916,306443,310365,314125
0100000US,,United States,310M200US30780,30780,"United States - In metropolitan statistical area - Little Rock-North Little Rock-Conway, AR Metro Area","Little Rock-North Little Rock-Conway, AR Metro Area",699757,699757,702230,710870,717844,724385
0100000US,,United States,310M200US30860,30860,"United States - In metropolitan statistical area - Logan, UT-ID Metro Area","Logan, UT-ID Metro Area",125442,125442,126052,127511,128534,129763
0100000US,,United States,310M200US30980,30980,"United States - In metropolitan statistical area - Longview, TX Metro Area","Longview, TX Metro Area",214369,214378,214715,215908,216759,216530
0100000US,,United States,310M200US31020,31020,"United States - In metropolitan statistical area - Longview, WA Metro Area","Longview, WA Metro Area",102410,102410,102399,102339,101827,101860
0100000US,,United States,310M200US31080,31080,"United States - In metropolitan statistical area - Los Angeles-Long Beach-Anaheim, CA Metro Area","Los Angeles-Long Beach-Anaheim, CA Metro Area",12828837,12828842,12844070,12939133,13037045,13131431
0100000US,,United States,310M200US31140,31140,"United States - In metropolitan statistical area - Louisville/Jefferson County, KY-IN Metro Area","Louisville/Jefferson County, KY-IN Metro Area",1235708,1235708,1237851,1244781,1251538,1262261
0100000US,,United States,310M200US31180,31180,"United States - In metropolitan statistical area - Lubbock, TX Metro Area","Lubbock, TX Metro Area",290805,290805,292172,295329,297877,301038
0100000US,,United States,310M200US31340,31340,"United States - In metropolitan statistical area - Lynchburg, VA Metro Area","Lynchburg, VA Metro Area",252634,252638,252655,253931,255309,256455
0100000US,,United States,310M200US31420,31420,"United States - In metropolitan statistical area - Macon, GA Metro Area","Macon, GA Metro Area",232293,232293,232299,232743,232650,231259
0100000US,,United States,310M200US31460,31460,"United States - In metropolitan statistical area - Madera, CA Metro Area","Madera, CA Metro Area",150865,150865,151178,152141,152235,152389
0100000US,,United States,310M200US31540,31540,"United States - In metropolitan statistical area - Madison, WI Metro Area","Madison, WI Metro Area",605435,605435,606418,613793,620740,627431
0100000US,,United States,310M200US31700,31700,"United States - In metropolitan statistical area - Manchester-Nashua, NH Metro Area","Manchester-Nashua, NH Metro Area",400721,400721,400999,401871,403081,403985
0100000US,,United States,310M200US31740,31740,"United States - In metropolitan statistical area - Manhattan, KS Metro Area","Manhattan, KS Metro Area",92719,92719,93276,95298,98399,98085
0100000US,,United States,310M200US31860,31860,"United States - In metropolitan statistical area - Mankato-North Mankato, MN Metro Area","Mankato-North Mankato, MN Metro Area",96740,96740,96806,97280,98008,98560
0100000US,,United States,310M200US31900,31900,"United States - In metropolitan statistical area - Mansfield, OH Metro Area","Mansfield, OH Metro Area",124475,124475,124175,123096,122585,121773
0100000US,,United States,310M200US32580,32580,"United States - In metropolitan statistical area - McAllen-Edinburg-Mission, TX Metro Area","McAllen-Edinburg-Mission, TX Metro Area",774769,774769,779271,794521,805975,815996
0100000US,,United States,310M200US32780,32780,"United States - In metropolitan statistical area - Medford, OR Metro Area","Medford, OR Metro Area",203206,203206,203428,204800,206512,208545
0100000US,,United States,310M200US32820,32820,"United States - In metropolitan statistical area - Memphis, TN-MS-AR Metro Area","Memphis, TN-MS-AR Metro Area",1324829,1324829,1326595,1332853,1340739,1341746
0100000US,,United States,310M200US32900,32900,"United States - In metropolitan statistical area - Merced, CA Metro Area","Merced, CA Metro Area",255793,255798,256752,259620,261632,263228
0100000US,,United States,310M200US33100,33100,"United States - In metropolitan statistical area - Miami-Fort Lauderdale-West Palm Beach, FL Metro Area","Miami-Fort Lauderdale-West Palm Beach, FL Metro Area",5564635,5564657,5581524,5688307,5763282,5828191
0100000US,,United States,310M200US33140,33140,"United States - In metropolitan statistical area - Michigan City-La Porte, IN Metro Area","Michigan City-La Porte, IN Metro Area",111467,111467,111404,111205,111197,111281
0100000US,,United States,310M200US33220,33220,"United States - In metropolitan statistical area - Midland, MI Metro Area","Midland, MI Metro Area",83629,83629,83658,84048,83945,83919
0100000US,,United States,310M200US33260,33260,"United States - In metropolitan statistical area - Midland, TX Metro Area","Midland, TX Metro Area",141671,141669,141770,144919,151809,156780
0100000US,,United States,310M200US33340,33340,"United States - In metropolitan statistical area - Milwaukee-Waukesha-West Allis, WI Metro Area","Milwaukee-Waukesha-West Allis, WI Metro Area",1555908,1555908,1556549,1561108,1566182,1569659
0100000US,,United States,310M200US33460,33460,"United States - In metropolitan statistical area - Minneapolis-St. Paul-Bloomington, MN-WI Metro Area","Minneapolis-St. Paul-Bloomington, MN-WI Metro Area",3348859,3348857,3355167,3388716,3422417,3459146
0100000US,,United States,310M200US33540,33540,"United States - In metropolitan statistical area - Missoula, MT Metro Area","Missoula, MT Metro Area",109299,109299,109426,110162,111103,111807
0100000US,,United States,310M200US33660,33660,"United States - In metropolitan statistical area - Mobile, AL Metro Area","Mobile, AL Metro Area",412992,413002,413290,412989,413590,414079
0100000US,,United States,310M200US33700,33700,"United States - In metropolitan statistical area - Modesto, CA Metro Area","Modesto, CA Metro Area",514453,514451,515281,517849,521450,525491
0100000US,,United States,310M200US33740,33740,"United States - In metropolitan statistical area - Monroe, LA Metro Area","Monroe, LA Metro Area",176441,176441,176733,177366,177755,178564
0100000US,,United States,310M200US33780,33780,"United States - In metropolitan statistical area - Monroe, MI Metro Area","Monroe, MI Metro Area",152021,152021,151915,151532,150923,150376
0100000US,,United States,310M200US33860,33860,"United States - In metropolitan statistical area - Montgomery, AL Metro Area","Montgomery, AL Metro Area",374536,374529,375208,377939,375821,373510
0100000US,,United States,310M200US34060,34060,"United States - In metropolitan statistical area - Morgantown, WV Metro Area","Morgantown, WV Metro Area",129709,129709,130332,132314,134467,136133
0100000US,,United States,310M200US34100,34100,"United States - In metropolitan statistical area - Morristown, TN Metro Area","Morristown, TN Metro Area",113951,113958,114072,114607,114908,115197
0100000US,,United States,310M200US34580,34580,"United States - In metropolitan statistical area - Mount Vernon-Anacortes, WA Metro Area","Mount Vernon-Anacortes, WA Metro Area",116901,116901,116972,117781,118056,118837
0100000US,,United States,310M200US34620,34620,"United States - In metropolitan statistical area - Muncie, IN Metro Area","Muncie, IN Metro Area",117671,117671,117672,117804,117423,117484
0100000US,,United States,310M200US34740,34740,"United States - In metropolitan statistical area - Muskegon, MI Metro Area","Muskegon, MI Metro Area",172188,172188,171923,169967,170112,171008
0100000US,,United States,310M200US34820,34820,"United States - In metropolitan statistical area - Myrtle Beach-Conway-North Myrtle Beach, SC-NC Metro Area","Myrtle Beach-Conway-North Myrtle Beach, SC-NC Metro Area",376722,376722,378654,385817,394221,404951
0100000US,,United States,310M200US34900,34900,"United States - In metropolitan statistical area - Napa, CA Metro Area","Napa, CA Metro Area",136484,136484,136780,137883,138916,140326
0100000US,,United States,310M200US34940,34940,"United States - In metropolitan statistical area - Naples-Immokalee-Marco Island, FL Metro Area","Naples-Immokalee-Marco Island, FL Metro Area",321520,321520,322680,327712,332528,339642
0100000US,,United States,310M200US34980,34980,"United States - In metropolitan statistical area - Nashville-Davidson--Murfreesboro--Franklin, TN Metro Area","Nashville-Davidson--Murfreesboro--Franklin, TN Metro Area",1670890,1670900,1675945,1698160,1726759,1757912
0100000US,,United States,310M200US35100,35100,"United States - In metropolitan statistical area - New Bern, NC Metro Area","New Bern, NC Metro Area",126802,126802,127101,128205,128588,127657
0100000US,,United States,310M200US35300,35300,"United States - In metropolitan statistical area - New Haven-Milford, CT Metro Area","New Haven-Milford, CT Metro Area",862477,862474,863380,863761,863604,862287
0100000US,,United States,310M200US35380,35380,"United States - In metropolitan statistical area - New Orleans-Metairie, LA Metro Area","New Orleans-Metairie, LA Metro Area",1189866,1189863,1195757,1213957,1227656,1240977
0100000US,,United States,310M200US35620,35620,"United States - In metropolitan statistical area - New York-Newark-Jersey City, NY-NJ-PA Metro Area","New York-Newark-Jersey City, NY-NJ-PA Metro Area",19567410,19566418,19596183,19731844,19837753,19949502
0100000US,,United States,310M200US35660,35660,"United States - In metropolitan statistical area - Niles-Benton Harbor, MI Metro Area","Niles-Benton Harbor, MI Metro Area",156813,156813,156781,156414,155946,155252
0100000US,,United States,310M200US35840,35840,"United States - In metropolitan statistical area - North Port-Sarasota-Bradenton, FL Metro Area","North Port-Sarasota-Bradenton, FL Metro Area",702281,702281,703545,708936,719919,732535
0100000US,,United States,310M200US35980,35980,"United States - In metropolitan statistical area - Norwich-New London, CT Metro Area","Norwich-New London, CT Metro Area",274055,274055,274105,274033,274534,274150
0100000US,,United States,310M200US36100,36100,"United States - In metropolitan statistical area - Ocala, FL Metro Area","Ocala, FL Metro Area",331298,331303,331527,332588,335157,337362
0100000US,,United States,310M200US36140,36140,"United States - In metropolitan statistical area - Ocean City, NJ Metro Area","Ocean City, NJ Metro Area",97265,97265,97266,96603,96415,95897
0100000US,,United States,310M200US36220,36220,"United States - In metropolitan statistical area - Odessa, TX Metro Area","Odessa, TX Metro Area",137130,137132,137104,139691,144609,149378
0100000US,,United States,310M200US36260,36260,"United States - In metropolitan statistical area - Ogden-Clearfield, UT Metro Area","Ogden-Clearfield, UT Metro Area",597159,597159,599578,605737,612376,621580
0100000US,,United States,310M200US36420,36420,"United States - In metropolitan statistical area - Oklahoma City, OK Metro Area","Oklahoma City, OK Metro Area",1252987,1252992,1257883,1276416,1297397,1319677
0100000US,,United States,310M200US36500,36500,"United States - In metropolitan statistical area - Olympia-Tumwater, WA Metro Area","Olympia-Tumwater, WA Metro Area",252264,252264,253029,256392,258653,262388
0100000US,,United States,310M200US36540,36540,"United States - In metropolitan statistical area - Omaha-Council Bluffs, NE-IA Metro Area","Omaha-Council Bluffs, NE-IA Metro Area",865350,865350,868087,876836,885471,895151
0100000US,,United States,310M200US36740,36740,"United States - In metropolitan statistical area - Orlando-Kissimmee-Sanford, FL Metro Area","Orlando-Kissimmee-Sanford, FL Metro Area",2134411,2134406,2139372,2174224,2223456,2267846
0100000US,,United States,310M200US36780,36780,"United States - In metropolitan statistical area - Oshkosh-Neenah, WI Metro Area","Oshkosh-Neenah, WI Metro Area",166994,166994,167018,167622,168690,169541
0100000US,,United States,310M200US36980,36980,"United States - In metropolitan statistical area - Owensboro, KY Metro Area","Owensboro, KY Metro Area",114752,114755,114795,115315,115915,116401
0100000US,,United States,310M200US37100,37100,"United States - In metropolitan statistical area - Oxnard-Thousand Oaks-Ventura, CA Metro Area","Oxnard-Thousand Oaks-Ventura, CA Metro Area",823318,823318,825312,830623,834398,839620
0100000US,,United States,310M200US37340,37340,"United States - In metropolitan statistical area - Palm Bay-Melbourne-Titusville, FL Metro Area","Palm Bay-Melbourne-Titusville, FL Metro Area",543376,543372,544019,544224,547161,550823
0100000US,,United States,310M200US37460,37460,"United States - In metropolitan statistical area - Panama City, FL Metro Area","Panama City, FL Metro Area",184715,184715,185109,185412,187748,190816
0100000US,,United States,310M200US37620,37620,"United States - In metropolitan statistical area - Parkersburg-Vienna, WV Metro Area","Parkersburg-Vienna, WV Metro Area",92673,92673,92718,92647,92496,92470
0100000US,,United States,310M200US37860,37860,"United States - In metropolitan statistical area - Pensacola-Ferry Pass-Brent, FL Metro Area","Pensacola-Ferry Pass-Brent, FL Metro Area",448991,448991,450963,455246,462190,466913
0100000US,,United States,310M200US37900,37900,"United States - In metropolitan statistical area - Peoria, IL Metro Area","Peoria, IL Metro Area",379186,379186,378957,379762,380605,382114
0100000US,,United States,310M200US37980,37980,"United States - In metropolitan statistical area - Philadelphia-Camden-Wilmington, PA-NJ-DE-MD Metro Area","Philadelphia-Camden-Wilmington, PA-NJ-DE-MD Metro Area",5965343,5965341,5971397,5996686,6019533,6034678
0100000US,,United States,310M200US38060,38060,"United States - In metropolitan statistical area - Phoenix-Mesa-Scottsdale, AZ Metro Area","Phoenix-Mesa-Scottsdale, AZ Metro Area",4192887,4192888,4208770,4252671,4327632,4398762
0100000US,,United States,310M200US38220,38220,"United States - In metropolitan statistical area - Pine Bluff, AR Metro Area","Pine Bluff, AR Metro Area",100258,100258,100079,99033,97373,95815
0100000US,,United States,310M200US38300,38300,"United States - In metropolitan statistical area - Pittsburgh, PA Metro Area","Pittsburgh, PA Metro Area",2356285,2356285,2356658,2359783,2360989,2360867
0100000US,,United States,310M200US38340,38340,"United States - In metropolitan statistical area - Pittsfield, MA Metro Area","Pittsfield, MA Metro Area",131219,131219,131257,130501,130120,129585
0100000US,,United States,310M200US38540,38540,"United States - In metropolitan statistical area - Pocatello, ID Metro Area","Pocatello, ID Metro Area",82839,82839,82999,83530,83683,83249
0100000US,,United States,310M200US38860,38860,"United States - In metropolitan statistical area - Portland-South Portland, ME Metro Area","Portland-South Portland, ME Metro Area",514098,514100,513815,515883,517974,519900
0100000US,,United States,310M200US38900,38900,"United States - In metropolitan statistical area - Portland-Vancouver-Hillsboro, OR-WA Metro Area","Portland-Vancouver-Hillsboro, OR-WA Metro Area",2226009,2226011,2232177,2260453,2289038,2314554
0100000US,,United States,310M200US38940,38940,"United States - In metropolitan statistical area - Port St. Lucie, FL Metro Area","Port St. Lucie, FL Metro Area",424107,424107,425236,428353,432472,438095
0100000US,,United States,310M200US39140,39140,"United States - In metropolitan statistical area - Prescott, AZ Metro Area","Prescott, AZ Metro Area",211033,211015,210137,210867,212530,215133
0100000US,,United States,310M200US39300,39300,"United States - In metropolitan statistical area - Providence-Warwick, RI-MA Metro Area","Providence-Warwick, RI-MA Metro Area",1600852,1600852,1601798,1599609,1601160,1604291
0100000US,,United States,310M200US39340,39340,"United States - In metropolitan statistical area - Provo-Orem, UT Metro Area","Provo-Orem, UT Metro Area",526810,526810,529866,540468,550230,562239
0100000US,,United States,310M200US39380,39380,"United States - In metropolitan statistical area - Pueblo, CO Metro Area","Pueblo, CO Metro Area",159063,159063,159539,160431,160972,161451
0100000US,,United States,310M200US39460,39460,"United States - In metropolitan statistical area - Punta Gorda, FL Metro Area","Punta Gorda, FL Metro Area",159978,159978,159901,159511,162603,164736
0100000US,,United States,310M200US39540,39540,"United States - In metropolitan statistical area - Racine, WI Metro Area","Racine, WI Metro Area",195408,195408,195403,194933,194716,195041
0100000US,,United States,310M200US39580,39580,"United States - In metropolitan statistical area - Raleigh, NC Metro Area","Raleigh, NC Metro Area",1130490,1130490,1137351,1163014,1188504,1214516
0100000US,,United States,310M200US39660,39660,"United States - In metropolitan statistical area - Rapid City, SD Metro Area","Rapid City, SD Metro Area",134598,134598,135049,136342,138781,141431
0100000US,,United States,310M200US39740,39740,"United States - In metropolitan statistical area - Reading, PA Metro Area","Reading, PA Metro Area",411442,411447,411740,412279,412948,413521
0100000US,,United States,310M200US39820,39820,"United States - In metropolitan statistical area - Redding, CA Metro Area","Redding, CA Metro Area",177223,177223,177284,177917,178368,178980
0100000US,,United States,310M200US39900,39900,"United States - In metropolitan statistical area - Reno, NV Metro Area","Reno, NV Metro Area",425417,425417,426026,428876,433018,437673
0100000US,,United States,310M200US40060,40060,"United States - In metropolitan statistical area - Richmond, VA Metro Area","Richmond, VA Metro Area",1208101,1208101,1210015,1219195,1232954,1245764
0100000US,,United States,310M200US40140,40140,"United States - In metropolitan statistical area - Riverside-San Bernardino-Ontario, CA Metro Area","Riverside-San Bernardino-Ontario, CA Metro Area",4224851,4224851,4244089,4299229,4342332,4380878
0100000US,,United States,310M200US40220,40220,"United States - In metropolitan statistical area - Roanoke, VA Metro Area","Roanoke, VA Metro Area",308707,308707,308757,309159,310425,311835
0100000US,,United States,310M200US40340,40340,"United States - In metropolitan statistical area - Rochester, MN Metro Area","Rochester, MN Metro Area",206877,206877,207116,208446,209693,211853
0100000US,,United States,310M200US40380,40380,"United States - In metropolitan statistical area - Rochester, NY Metro Area","Rochester, NY Metro Area",1079671,1079669,1080081,1081957,1082375,1083278
0100000US,,United States,310M200US40420,40420,"United States - In metropolitan statistical area - Rockford, IL Metro Area","Rockford, IL Metro Area",349431,349431,349294,347874,345703,344623
0100000US,,United States,310M200US40580,40580,"United States - In metropolitan statistical area - Rocky Mount, NC Metro Area","Rocky Mount, NC Metro Area",152392,152388,152489,151962,151253,150667
0100000US,,United States,310M200US40660,40660,"United States - In metropolitan statistical area - Rome, GA Metro Area","Rome, GA Metro Area",96317,96317,96387,96149,95995,95821
0100000US,,United States,310M200US40900,40900,"United States - In metropolitan statistical area - Sacramento--Roseville--Arden-Arcade, CA Metro Area","Sacramento--Roseville--Arden-Arcade, CA Metro Area",2149127,2149127,2154417,2175236,2193927,2215770
0100000US,,United States,310M200US40980,40980,"United States - In metropolitan statistical area - Saginaw, MI Metro Area","Saginaw, MI Metro Area",200169,200169,199874,198800,198154,196542
0100000US,,United States,310M200US41060,41060,"United States - In metropolitan statistical area - St. Cloud, MN Metro Area","St. Cloud, MN Metro Area",189093,189093,189157,189980,190485,191306
0100000US,,United States,310M200US41100,41100,"United States - In metropolitan statistical area - St. George, UT Metro Area","St. George, UT Metro Area",138115,138115,138429,141537,144656,147800
0100000US,,United States,310M200US41140,41140,"United States - In metropolitan statistical area - St. Joseph, MO-KS Metro Area","St. Joseph, MO-KS Metro Area",127329,127329,127261,127672,127880,127767
0100000US,,United States,310M200US41180,41180,"United States - In metropolitan statistical area - St. Louis, MO-IL Metro Area","St. Louis, MO-IL Metro Area",2787701,2787694,2789893,2793779,2796506,2801056
0100000US,,United States,310M200US41420,41420,"United States - In metropolitan statistical area - Salem, OR Metro Area","Salem, OR Metro Area",390738,390738,391532,393866,397728,400408
0100000US,,United States,310M200US41500,41500,"United States - In metropolitan statistical area - Salinas, CA Metro Area","Salinas, CA Metro Area",415057,415057,416342,421343,426072,428826
0100000US,,United States,310M200US41540,41540,"United States - In metropolitan statistical area - Salisbury, MD-DE Metro Area","Salisbury, MD-DE Metro Area",373802,373798,374807,378237,381667,385438
0100000US,,United States,310M200US41620,41620,"United States - In metropolitan statistical area - Salt Lake City, UT Metro Area","Salt Lake City, UT Metro Area",1087873,1087873,1091452,1107279,1123943,1140483
0100000US,,United States,310M200US41660,41660,"United States - In metropolitan statistical area - San Angelo, TX Metro Area","San Angelo, TX Metro Area",111823,111823,112294,113442,115071,116566
0100000US,,United States,310M200US41700,41700,"United States - In metropolitan statistical area - San Antonio-New Braunfels, TX Metro Area","San Antonio-New Braunfels, TX Metro Area",2142508,2142508,2153288,2192610,2234494,2277550
0100000US,,United States,310M200US41740,41740,"United States - In metropolitan statistical area - San Diego-Carlsbad, CA Metro Area","San Diego-Carlsbad, CA Metro Area",3095313,3095308,3104182,3138550,3176138,3211252
0100000US,,United States,310M200US41860,41860,"United States - In metropolitan statistical area - San Francisco-Oakland-Hayward, CA Metro Area","San Francisco-Oakland-Hayward, CA Metro Area",4335391,4335381,4344584,4395797,4454159,4516276
0100000US,,United States,310M200US41940,41940,"United States - In metropolitan statistical area - San Jose-Sunnyvale-Santa Clara, CA Metro Area","San Jose-Sunnyvale-Santa Clara, CA Metro Area",1836911,1836927,1842076,1867430,1892894,1919641
0100000US,,United States,310M200US42020,42020,"United States - In metropolitan statistical area - San Luis Obispo-Paso Robles-Arroyo Grande, CA Metro Area","San Luis Obispo-Paso Robles-Arroyo Grande, CA Metro Area",269637,269734,270005,271253,274622,276443
0100000US,,United States,310M200US42100,42100,"United States - In metropolitan statistical area - Santa Cruz-Watsonville, CA Metro Area","Santa Cruz-Watsonville, CA Metro Area",262382,262376,263309,264797,266508,269419
0100000US,,United States,310M200US42140,42140,"United States - In metropolitan statistical area - Santa Fe, NM Metro Area","Santa Fe, NM Metro Area",144170,144171,144508,145409,146456,147423
0100000US,,United States,310M200US42200,42200,"United States - In metropolitan statistical area - Santa Maria-Santa Barbara, CA Metro Area","Santa Maria-Santa Barbara, CA Metro Area",423895,423798,424238,425724,430426,435697
0100000US,,United States,310M200US42220,42220,"United States - In metropolitan statistical area - Santa Rosa, CA Metro Area","Santa Rosa, CA Metro Area",483878,483878,484698,487549,490596,495025
0100000US,,United States,310M200US42340,42340,"United States - In metropolitan statistical area - Savannah, GA Metro Area","Savannah, GA Metro Area",347611,347621,348861,355996,362441,366047
0100000US,,United States,310M200US42540,42540,"United States - In metropolitan statistical area - Scranton--Wilkes-Barre--Hazleton, PA Metro Area","Scranton--Wilkes-Barre--Hazleton, PA Metro Area",563631,563630,563576,563804,564044,562037
0100000US,,United States,310M200US42660,42660,"United States - In metropolitan statistical area - Seattle-Tacoma-Bellevue, WA Metro Area","Seattle-Tacoma-Bellevue, WA Metro Area",3439809,3439815,3448425,3497222,3552591,3610105
0100000US,,United States,310M200US42680,42680,"United States - In metropolitan statistical area - Sebastian-Vero Beach, FL Metro Area","Sebastian-Vero Beach, FL Metro Area",138028,138028,138239,138964,140568,141994
0100000US,,United States,310M200US42700,42700,"United States - In metropolitan statistical area - Sebring, FL Metro Area","Sebring, FL Metro Area",98786,98786,98709,98189,97905,97616
0100000US,,United States,310M200US43100,43100,"United States - In metropolitan statistical area - Sheboygan, WI Metro Area","Sheboygan, WI Metro Area",115507,115507,115412,115305,114973,114922
0100000US,,United States,310M200US43300,43300,"United States - In metropolitan statistical area - Sherman-Denison, TX Metro Area","Sherman-Denison, TX Metro Area",120877,120877,121086,121272,121679,122353
0100000US,,United States,310M200US43340,43340,"United States - In metropolitan statistical area - Shreveport-Bossier City, LA Metro Area","Shreveport-Bossier City, LA Metro Area",439811,439811,441166,445022,448118,446471
0100000US,,United States,310M200US43420,43420,"United States - In metropolitan statistical area - Sierra Vista-Douglas, AZ Metro Area","Sierra Vista-Douglas, AZ Metro Area",131346,131346,131412,132488,131735,129473
0100000US,,United States,310M200US43580,43580,"United States - In metropolitan statistical area - Sioux City, IA-NE-SD Metro Area","Sioux City, IA-NE-SD Metro Area",168563,168563,168789,168822,168754,168714
0100000US,,United States,310M200US43620,43620,"United States - In metropolitan statistical area - Sioux Falls, SD Metro Area","Sioux Falls, SD Metro Area",228261,228264,229115,232553,237649,243513
0100000US,,United States,310M200US43780,43780,"United States - In metropolitan statistical area - South Bend-Mishawaka, IN-MI Metro Area","South Bend-Mishawaka, IN-MI Metro Area",319224,319215,318967,319177,318578,318619
0100000US,,United States,310M200US43900,43900,"United States - In metropolitan statistical area - Spartanburg, SC Metro Area","Spartanburg, SC Metro Area",313268,313268,313632,314993,316856,318999
0100000US,,United States,310M200US44060,44060,"United States - In metropolitan statistical area - Spokane-Spokane Valley, WA Metro Area","Spokane-Spokane Valley, WA Metro Area",527753,527753,528501,529927,532528,535724
0100000US,,United States,310M200US44100,44100,"United States - In metropolitan statistical area - Springfield, IL Metro Area","Springfield, IL Metro Area",210170,210170,210526,211627,211973,211752
0100000US,,United States,310M200US44140,44140,"United States - In metropolitan statistical area - Springfield, MA Metro Area","Springfield, MA Metro Area",621570,621570,623200,625466,625788,626915
0100000US,,United States,310M200US44180,44180,"United States - In metropolitan statistical area - Springfield, MO Metro Area","Springfield, MO Metro Area",436712,436712,437445,440244,444592,448744
0100000US,,United States,310M200US44220,44220,"United States - In metropolitan statistical area - Springfield, OH Metro Area","Springfield, OH Metro Area",138333,138333,138943,138490,136435,136167
0100000US,,United States,310M200US44300,44300,"United States - In metropolitan statistical area - State College, PA Metro Area","State College, PA Metro Area",153990,153985,154152,154594,155100,155403
0100000US,,United States,310M200US44420,44420,"United States - In metropolitan statistical area - Staunton-Waynesboro, VA Metro Area","Staunton-Waynesboro, VA Metro Area",118502,118502,118377,118922,118652,119525
0100000US,,United States,310M200US44700,44700,"United States - In metropolitan statistical area - Stockton-Lodi, CA Metro Area","Stockton-Lodi, CA Metro Area",685306,685308,687489,695130,701151,704379
0100000US,,United States,310M200US44940,44940,"United States - In metropolitan statistical area - Sumter, SC Metro Area","Sumter, SC Metro Area",107456,107456,107572,107401,108127,108123
0100000US,,United States,310M200US45060,45060,"United States - In metropolitan statistical area - Syracuse, NY Metro Area","Syracuse, NY Metro Area",662577,662580,662972,662481,660946,661934
0100000US,,United States,310M200US45220,45220,"United States - In metropolitan statistical area - Tallahassee, FL Metro Area","Tallahassee, FL Metro Area",367413,368770,369462,371087,375391,373255
0100000US,,United States,310M200US45300,45300,"United States - In metropolitan statistical area - Tampa-St. Petersburg-Clearwater, FL Metro Area","Tampa-St. Petersburg-Clearwater, FL Metro Area",2783243,2783243,2788961,2827556,2845178,2870569
0100000US,,United States,310M200US45460,45460,"United States - In metropolitan statistical area - Terre Haute, IN Metro Area","Terre Haute, IN Metro Area",172425,172423,172312,172557,172588,172195
0100000US,,United States,310M200US45500,45500,"United States - In metropolitan statistical area - Texarkana, TX-AR Metro Area","Texarkana, TX-AR Metro Area",149198,149195,149309,149554,149562,149619
0100000US,,United States,310M200US45540,45540,"United States - In metropolitan statistical area - The Villages, FL Metro Area","The Villages, FL Metro Area",93420,93420,94285,98311,101748,107056
0100000US,,United States,310M200US45780,45780,"United States - In metropolitan statistical area - Toledo, OH Metro Area","Toledo, OH Metro Area",610001,610001,610194,609633,608481,608145
0100000US,,United States,310M200US45820,45820,"United States - In metropolitan statistical area - Topeka, KS Metro Area","Topeka, KS Metro Area",233870,233868,234233,234796,234668,234203
0100000US,,United States,310M200US45940,45940,"United States - In metropolitan statistical area - Trenton, NJ Metro Area","Trenton, NJ Metro Area",366513,367511,368024,367812,368832,370414
0100000US,,United States,310M200US46060,46060,"United States - In metropolitan statistical area - Tucson, AZ Metro Area","Tucson, AZ Metro Area",980263,980263,982018,987910,992395,996554
0100000US,,United States,310M200US46140,46140,"United States - In metropolitan statistical area - Tulsa, OK Metro Area","Tulsa, OK Metro Area",937478,937479,939826,945671,952129,961561
0100000US,,United States,310M200US46220,46220,"United States - In metropolitan statistical area - Tuscaloosa, AL Metro Area","Tuscaloosa, AL Metro Area",230162,230159,230474,231494,233445,235628
0100000US,,United States,310M200US46340,46340,"United States - In metropolitan statistical area - Tyler, TX Metro Area","Tyler, TX Metro Area",209714,209714,210434,212891,214617,216080
0100000US,,United States,310M200US46520,46520,"United States - In metropolitan statistical area - Urban Honolulu, HI Metro Area","Urban Honolulu, HI Metro Area",953207,953207,956166,965629,974990,983429
0100000US,,United States,310M200US46540,46540,"United States - In metropolitan statistical area - Utica-Rome, NY Metro Area","Utica-Rome, NY Metro Area",299397,299380,299276,298753,298375,297766
0100000US,,United States,310M200US46660,46660,"United States - In metropolitan statistical area - Valdosta, GA Metro Area","Valdosta, GA Metro Area",139588,139584,140029,142323,144581,142897
0100000US,,United States,310M200US46700,46700,"United States - In metropolitan statistical area - Vallejo-Fairfield, CA Metro Area","Vallejo-Fairfield, CA Metro Area",413344,413344,414119,416760,420335,424788
0100000US,,United States,310M200US47020,47020,"United States - In metropolitan statistical area - Victoria, TX Metro Area","Victoria, TX Metro Area",94003,94003,94080,94711,96671,97493
0100000US,,United States,310M200US47220,47220,"United States - In metropolitan statistical area - Vineland-Bridgeton, NJ Metro Area","Vineland-Bridgeton, NJ Metro Area",156898,156898,157208,157724,157917,157332
0100000US,,United States,310M200US47260,47260,"United States - In metropolitan statistical area - Virginia Beach-Norfolk-Newport News, VA-NC Metro Area","Virginia Beach-Norfolk-Newport News, VA-NC Metro Area",1676822,1676820,1680120,1686850,1698410,1707369
0100000US,,United States,310M200US47300,47300,"United States - In metropolitan statistical area - Visalia-Porterville, CA Metro Area","Visalia-Porterville, CA Metro Area",442179,442179,443342,447705,451043,454143
0100000US,,United States,310M200US47380,47380,"United States - In metropolitan statistical area - Waco, TX Metro Area","Waco, TX Metro Area",252772,252772,253855,255757,257148,258974
0100000US,,United States,310M200US47460,47460,"United States - In metropolitan statistical area - Walla Walla, WA Metro Area","Walla Walla, WA Metro Area",62859,62859,63023,63531,63398,63562
0100000US,,United States,310M200US47580,47580,"United States - In metropolitan statistical area - Warner Robins, GA Metro Area","Warner Robins, GA Metro Area",179605,179605,180422,183550,185321,186214
0100000US,,United States,310M200US47900,47900,"United States - In metropolitan statistical area - Washington-Arlington-Alexandria, DC-VA-MD-WV Metro Area","Washington-Arlington-Alexandria, DC-VA-MD-WV Metro Area",5636232,5636276,5664789,5771506,5862594,5949859
0100000US,,United States,310M200US47940,47940,"United States - In metropolitan statistical area - Waterloo-Cedar Falls, IA Metro Area","Waterloo-Cedar Falls, IA Metro Area",167819,167819,167888,168221,168536,169484
0100000US,,United States,310M200US48060,48060,"United States - In metropolitan statistical area - Watertown-Fort Drum, NY Metro Area","Watertown-Fort Drum, NY Metro Area",116229,116229,116605,118294,120941,119504
0100000US,,United States,310M200US48140,48140,"United States - In metropolitan statistical area - Wausau, WI Metro Area","Wausau, WI Metro Area",134063,134063,134065,134529,134681,135416
0100000US,,United States,310M200US48260,48260,"United States - In metropolitan statistical area - Weirton-Steubenville, WV-OH Metro Area","Weirton-Steubenville, WV-OH Metro Area",124454,124454,124260,123318,122578,121992
0100000US,,United States,310M200US48300,48300,"United States - In metropolitan statistical area - Wenatchee, WA Metro Area","Wenatchee, WA Metro Area",110884,110887,111267,112026,112922,113438
0100000US,,United States,310M200US48540,48540,"United States - In metropolitan statistical area - Wheeling, WV-OH Metro Area","Wheeling, WV-OH Metro Area",147950,147950,147830,147077,146357,145757
0100000US,,United States,310M200US48620,48620,"United States - In metropolitan statistical area - Wichita, KS Metro Area","Wichita, KS Metro Area",630919,630919,631919,633057,635518,637394
0100000US,,United States,310M200US48660,48660,"United States - In metropolitan statistical area - Wichita Falls, TX Metro Area","Wichita Falls, TX Metro Area",151306,151306,151465,150134,150739,151201
0100000US,,United States,310M200US48700,48700,"United States - In metropolitan statistical area - Williamsport, PA Metro Area","Williamsport, PA Metro Area",116111,116108,116176,116692,117317,116754
0100000US,,United States,310M200US48900,48900,"United States - In metropolitan statistical area - Wilmington, NC Metro Area","Wilmington, NC Metro Area",254884,254884,255771,259534,263353,268601
0100000US,,United States,310M200US49020,49020,"United States - In metropolitan statistical area - Winchester, VA-WV Metro Area","Winchester, VA-WV Metro Area",128472,128472,128727,129960,130932,131980
0100000US,,United States,310M200US49180,49180,"United States - In metropolitan statistical area - Winston-Salem, NC Metro Area","Winston-Salem, NC Metro Area",640595,640577,641265,644257,647221,650820
0100000US,,United States,310M200US49340,49340,"United States - In metropolitan statistical area - Worcester, MA-CT Metro Area","Worcester, MA-CT Metro Area",916980,916976,918823,921894,923228,926710
0100000US,,United States,310M200US49420,49420,"United States - In metropolitan statistical area - Yakima, WA Metro Area","Yakima, WA Metro Area",243231,243231,244173,246030,246421,247044
0100000US,,United States,310M200US49620,49620,"United States - In metropolitan statistical area - York-Hanover, PA Metro Area","York-Hanover, PA Metro Area",434972,434972,435510,436785,437411,438965
0100000US,,United States,310M200US49660,49660,"United States - In metropolitan statistical area - Youngstown-Warren-Boardman, OH-PA Metro Area","Youngstown-Warren-Boardman, OH-PA Metro Area",565773,565768,565217,562045,558495,555506
0100000US,,United States,310M200US49700,49700,"United States - In metropolitan statistical area - Yuba City, CA Metro Area","Yuba City, CA Metro Area",166892,166892,167209,167305,167628,168690
0100000US,,United States,310M200US49740,49740,"United States - In metropolitan statistical area - Yuma, AZ Metro Area","Yuma, AZ Metro Area",195751,195750,196630,201850,201733,201201
0100000US,,United States,0400000US72,72,Puerto Rico,Puerto Rico,3725789,3725789,3721208,3686580,3651545,3615086
0100000US,,United States,310M200US10380,10380,"Puerto Rico - In metropolitan statistical area - Aguadilla-Isabela, PR Metro Area","Aguadilla-Isabela, PR Metro Area",339441,339441,338938,335790,332231,328531
0100000US,,United States,310M200US11640,11640,"Puerto Rico - In metropolitan statistical area - Arecibo, PR Metro Area","Arecibo, PR Metro Area",199471,199471,199255,197748,196346,195036
0100000US,,United States,310M200US25020,25020,"Puerto Rico - In metropolitan statistical area - Guayama, PR Metro Area","Guayama, PR Metro Area",84214,84214,84108,83053,82359,82061
0100000US,,United States,310M200US32420,32420,"Puerto Rico - In metropolitan statistical area - Mayagez, PR Metro Area","Mayagez, PR Metro Area",106330,106330,106036,104415,102764,101172
0100000US,,United States,310M200US38660,38660,"Puerto Rico - In metropolitan statistical area - Ponce, PR Metro Area","Ponce, PR Metro Area",350480,350480,349515,344270,338919,333527
0100000US,,United States,310M200US41900,41900,"Puerto Rico - In metropolitan statistical area - San Germn, PR Metro Area","San Germn, PR Metro Area",137462,137462,137388,136481,135597,134623
0100000US,,United States,310M200US41980,41980,"Puerto Rico - In metropolitan statistical area - San Juan-Carolina-Caguas, PR Metro Area","San Juan-Carolina-Caguas, PR Metro Area",2350126,2350126,2347677,2327263,2306633,2284266
